Eng M I-230021001138	BBA-230021070193	Eng M I-230021001153	BBA-230021070208	Eng M I-230021001168	BBA-230021070223	Eng M I-230021001183	FT-230021060756	Eng M II-230021004337	FT-230021060771	Economics-230021010662	FT-230021060786
Eng M I-230021001139	BBA-230021070194	Eng M I-230021001154	BBA-230021070209	Eng M I-230021001169	BBA-230021070224	Eng M I-230021001184	FT-230021060757	Eng M II-230021004338	FT-230021060772	Economics-230021010663	FT-230021060787
Eng M I-230021001140	BBA-230021070195	Eng M I-230021001155	BBA-230021070210	Eng M I-230021001170	BBA-230021070225	Eng M II-230021004324	FT-230021060758	Eng M II-230021004339	FT-230021060773	Economics-230021010664	FT-230021060788
Eng M I-230021001141	BBA-230021070196	Eng M I-230021001156	BBA-230021070211	Eng M I-230021001171	BBA-230021070226	Eng M II-230021004325	FT-230021060759	Eng M II-230021004340	FT-230021060774	Economics-230021010665	FT-230021060789
Eng M I-230021001142	BBA-230021070197	Eng M I-230021001157	BBA-230021070212	Eng M I-230021001172	BBA-230021070227	Eng M II-230021004326	FT-230021060760	Eng M II-230021004341	FT-230021060775	Economics-230021010666	FT-230021060790
Eng M I-230021001143	BBA-230021070198	Eng M I-230021001158	BBA-230021070213	Eng M I-230021001173	BBA-230021070228	Eng M II-230021004327	FT-230021060761	Eng M II-230021004342	FT-230021060776	Economics-230021010667	FT-230021060791
Eng M I-230021001144	BBA-230021070199	Eng M I-230021001159	BBA-230021070214	Eng M I-230021001174	BBA-230021070229	Eng M II-230021004328	FT-230021060762	Eng M II-230021004343	FT-230021060777	Economics-230021010669	FT-230021060792
Eng M I-230021001145	BBA-230021070200	Eng M I-230021001160	BBA-230021070215	Eng M I-230021001175	BBA-230021070230	Eng M II-230021004329	FT-230021060763	Eng M II-230021004344	FT-230021060778	Economics-230021010670	FT-230021060793
Eng M I-230021001146	BBA-230021070201	Eng M I-230021001161	BBA-230021070216	Eng M I-230021001176	BBA-230021070231	Eng M II-230021004330	FT-230021060764	Eng M II-230021004345	FT-230021060779	Economics-230021010671	FT-230021060794
Eng M I-230021001147	BBA-230021070202	Eng M I-230021001162	BBA-230021070217	Eng M I-230021001177	BBA-230021070232	Eng M II-230021004331	FT-230021060765	Eng M II-230021004346	FT-230021060780	Economics-230021010672	FT-230021060795
Eng M I-230021001148	BBA-230021070203	Eng M I-230021001163	BBA-230021070218	Eng M I-230021001178	FT-230021060751	Eng M II-230021004332	FT-230021060766	Eng M II-230021004347	FT-230021060781	Economics-230021010673	FT-230021060796
Eng M I-230021001149	BBA-230021070204	Eng M I-230021001164	BBA-230021070219	Eng M I-230021001179	FT-230021060752	Eng M II-230021004333	FT-230021060767	Eng M II-230021004348	FT-230021060782	Economics-230021010674	FT-230021060797
Eng M I-230021001150	BBA-230021070205	Eng M I-230021001165	BBA-230021070220	Eng M I-230021001180	FT-230021060753	Eng M II-230021004334	FT-230021060768	Eng M II-230021004349	FT-230021060783	Economics-230021010675	FT-230021060798
Eng M I-230021001151	BBA-230021070206	Eng M I-230021001166	BBA-230021070221	Eng M I-230021001181	FT-230021060754	Eng M II-230021004335	FT-230021060769	Eng M II-230021004350	FT-230021060784	Economics-230021010676	FT-230021060799
Eng M I-230021001152	BBA-230021070207	Eng M I-230021001167	BBA-230021070222	Eng M I-230021001182	FT-230021060755	Eng M II-230021004336	FT-230021060770	Economics-230021010661	FT-230021060785	Economics-230021010677	FT-230021060800
