Maths-230021028017	CA Aided-230021064187	Maths-230021028027	CA Aided-230021064197	Chemistry-230021023742	CA Aided-230021064207
Maths-230021028018	CA Aided-230021064188	Chemistry-230021023733	CA Aided-230021064198	Chemistry-230021023743	CA Aided-230021064208
Maths-230021028019	CA Aided-230021064189	Chemistry-230021023734	CA Aided-230021064199	Chemistry-230021023744	CA Aided-230021064209
Maths-230021028020	CA Aided-230021064190	Chemistry-230021023735	CA Aided-230021064200	Chemistry-230021023745	CA Aided-230021064160
Maths-230021028021	CA Aided-230021064191	Chemistry-230021023736	CA Aided-230021064201	Chemistry-230021023746	CA SF-230021055309
Maths-230021028022	CA Aided-230021064192	Chemistry-230021023737	CA Aided-230021064202	Chemistry-230021023747	CA SF-230021055310
Maths-230021028023	CA Aided-230021064193	Chemistry-230021023738	CA Aided-230021064203	Chemistry-230021023748	CA SF-230021055311
Maths-230021028024	CA Aided-230021064194	Chemistry-230021023739	CA Aided-230021064204	Chemistry-230021023749	CA SF-230021055312
Maths-230021028025	CA Aided-230021064195	Chemistry-230021023740	CA Aided-230021064205	Chemistry-230021023750	CA SF-230021055313
Maths-230021028026	CA Aided-230021064196	Chemistry-230021023741	CA Aided-230021064206	Chemistry-230021023751	CA SF-230021055314
